{"cameraMode":{"drawMode":0,"name":"Shaded","section":"Shading Mode"},"sceneLighting":true,"audioPlay":false,"sceneViewState":{"m_AlwaysRefresh":false,"showFog":true,"showSkybox":true,"showFlares":true,"showImageEffects":true,"showParticleSystems":true,"showVisualEffectGraphs":true,"m_FxEnabled":true},"in2DMode":false,"pivot":{"x":30.251880645751954,"y":26.18043327331543,"z":13.796802520751954},"rotation":{"x":0.021395482122898103,"y":-0.9705413579940796,"z":0.22091904282569886,"w":0.09405754506587982},"size":1.2020957469940186,"orthographic":false}